<?xml version="1.0" encoding="UTF-8"?>
<project-private xmlns="http://www.netbeans.org/ns/project-private/1">
    <editor-bookmarks xmlns="http://www.netbeans.org/ns/editor-bookmarks/2" lastBookmarkId="0"/>
    <open-files xmlns="http://www.netbeans.org/ns/projectui-open-files/2">
        <group>
            <file>file:/C:/Users/Giacomo/Dropbox/Ingegneria/Progettazione%20di%20Sistemi%20Embedded%20-%20Condivisa/REPORT/DA%20CONSEGNARE/PIC1_3V.X/nRF24L01_18LF25K80_TX.c</file>
            <file>file:/C:/Users/Giacomo/Dropbox/Ingegneria/Progettazione%20di%20Sistemi%20Embedded%20-%20Condivisa/REPORT/DA%20CONSEGNARE/PIC1_3V.X/nRF24L01_TX.h</file>
            <file>file:/C:/Users/Giacomo/Dropbox/Ingegneria/Progettazione%20di%20Sistemi%20Embedded%20-%20Condivisa/REPORT/DA%20CONSEGNARE/PIC1_3V.X/uart1.h</file>
        </group>
    </open-files>
</project-private>
